month,total_revenue,total_quantity,avg_discount,unique_orders,avg_order_value
2023-01,74237.66,29,0.05216666683554644,3,24745.88666666667
2023-03,24563.94,10,0.0838999971747398,1,24563.94
2023-07,22542.24,10,0.2105000019073486,1,22542.24
